Lon,Lat,Sort,uo,vo,VHM0,VMDR,VSDX,VSDY,THETA,SALT,VVEL,UVEL,Pressure,output,train
166.6983333,75.37366667,3,-0.035832,0.000926,0.7039638,197.21874,-0.01075907,-0.00648406,-0.380438179,33.84708786,0.018016636,0.017709391,120.7268861,1031.420894,TRUE
161.8393333,74.71566667,3,-0.109854,0.02746,0.516047,174.843953,-0.007364,-0.007287,-0.869613945,33.67387009,0.009757632,0.016044162,94.11487919,272.5539152,TRUE
165.7753333,76.90433333,3,0.005029,-0.052158,0.7168996,198.0216,-0.01606022,-0.00563313,0.278812915,34.85383606,-0.021104552,0.000222144,1032.715222,228.0361757,TRUE
163.4373333,76.60333333,3,-0.004124,-0.095024,0.696434,182.194186,-0.011705,-0.006589,2.005088091,34.81623077,-0.008396023,0.003235541,730.3953967,329.8306678,TRUE
159.2401667,76.14766667,3,0.023989,-0.042407,0.91031,151.846589,-0.012636,-0.006744,2.955513,34.46463776,0.00020174,-0.000481651,957.1524322,183.4879236,TRUE
169.1883333,77.722,3,0.010711,0.045952,0.733613,175.95786,-0.01597426,-0.00339603,-1.334109664,33.78473282,0.016110327,-0.022210056,1524.623496,118.3852434,TRUE
168.8606667,76.70333333,3,0.003131,-0.019249,0.7082297,194.27426,-0.01210124,-0.00426052,2.503430367,34.93860626,0.003118811,0.007260029,2116.495048,45.19393566,TRUE
-156.4133733,9.23767,5,-0.020753,0.068972,1.88823,94.743097,-0.027788,-0.005487,1.046322,34.692654,0.007220339,0.001735695,5128.428865,19.36564853,TRUE
-156.4208,9.3804,5,-0.057985,0.073855,1.886283,94.478673,-0.030442,-0.006372,1.0453811,34.692688,0.001456322,0.011594021,5128.450911,29.67598313,TRUE
-156.4005127,9.500640861,5,-0.072634,0.075076,1.89469,93.746991,-0.032566,-0.007876,1.0454503,34.692692,0.004073447,0.000684163,5128.469737,53.07344469,TRUE
-154.1365356,9.44443225,5,0.061647,0.060427,1.912832,100.142035,-0.028584,-0.00177,1.0495921,34.692543,-0.002126297,-0.014129545,5128.460907,50.54264068,TRUE
-154.1987305,9.374421111,5,0.06653,0.06592,1.912832,100.142035,-0.028584,-0.00177,1.0495921,34.692543,-0.002126297,-0.014129545,5128.449981,9.812047667,TRUE
-154.066115,9.374758333,5,0.074465,0.064089,1.912566,100.90885,-0.027788,-0.000885,1.0495921,34.692543,-0.002126297,-0.014129545,5128.450033,22.2877358,TRUE
-153.9499683,9.251283333,5,0.100711,0.06592,1.907788,102.22885,-0.024602,0.000088,1.0495652,34.692558,0.00477238,-0.007728858,5128.430953,35.56215979,TRUE
-153.8812561,9.219070611,5,0.100711,0.06592,1.908142,102.851416,-0.025575,0.000619,1.0501179,34.692528,0.016197652,-0.008595149,5128.426016,40.4464,TRUE
-153.9421539,9.141593944,5,0.11536,0.070803,1.907788,102.22885,-0.024602,0.000088,1.0501179,34.692528,0.016197652,-0.008595149,5128.414208,22.4346033,TRUE
-154.0046844,9.195721639,5,0.107425,0.072634,1.907788,102.22885,-0.024602,0.000088,1.0505004,34.692513,0.006682171,-0.019990519,5128.422447,30.00532425,TRUE
-154.0506287,9.136423111,5,0.100101,0.074465,1.907788,102.22885,-0.024602,0.000088,1.0505004,34.692513,0.006682171,-0.019990519,5128.413424,13.36902632,TRUE
-154.1175842,9.181229583,5,0.100101,0.074465,1.906195,101.410708,-0.025133,-0.000177,1.0505004,34.692513,0.006682171,-0.019990519,5128.420237,6.333231206,TRUE
-153.7964478,9.117154111,5,0.142827,0.073855,1.908142,102.851416,-0.025575,0.000619,1.0501179,34.692528,0.016197652,-0.008595149,5128.410504,44.175448,TRUE
-154.1298817,9.359888333,5,0.06653,0.06592,1.912832,100.142035,-0.028584,-0.00177,1.0495921,34.692543,-0.002126297,-0.014129545,5128.447723,91.06645136,TRUE
-172.63,67.87,1,-0.064699,0.034181,0.819204,198.049823,0.014602,-0.011416,2.30193305,32.76586914,0.027752182,-0.061906572,45.47868502,359.5848847,TRUE
-169.91,68.57,1,-0.117191,0.039064,0.90531,176.984602,0.004425,-0.012212,2.24419117,32.24905396,-0.001846868,-0.023204498,55.58879785,191.6822655,TRUE
-172.15,68.88,1,-0.084231,0.053102,0.834159,193.550796,0.009823,-0.007876,2.168002844,32.48022842,0.048803302,0.044347965,45.48159988,114.8830407,TRUE
-174.91,69.2,1,-0.025025,0.104984,0.758407,203.673894,0.008319,-0.001327,1.483573914,32.7160759,0.049191136,-0.021839367,45.48250048,48.05435865,TRUE
-173.21,69.71,1,-0.095218,0.135502,0.73708,207.85292,0.008407,-0.000265,0.452138692,32.78435135,0.0201354,-0.033816018,45.48391257,143.7349221,TRUE
-173.62,72.2,1,0.018311,-0.023804,0.606549,219.643363,0.014956,0.002478,-1.483826756,33.64727783,0.016109746,-0.002953005,45.49038284,565.2638799,TRUE
-177.48,69.59,1,-0.036012,0.018921,0.713982,211.609912,0.006903,0.000354,-0.766853392,33.13993835,0.019007316,0.005628852,45.4835829,190.2130497,TRUE
177.31,70.25,1,-0.010987,-0.020142,0.746637,214.530708,0.003717,-0.000708,-0.302625358,33.65591431,0.002405633,0.018741801,45.48537614,281.1559896,TRUE
174.34,70.13,1,0.242927,-0.054933,0.658053,217.429558,0.005221,-0.005664,2.510890245,32.08456421,0.004473853,0.028627966,15.16065761,421.343,TRUE
174.36,70.73,1,-0.020753,0.03235,0.740973,224.592212,0.006549,0.000885,0.423542887,32.77015305,0.024460096,0.014264559,35.37770618,83.17818298,TRUE
170.89,71.25,1,0.017701,0.012207,0.710088,221.558584,0.005841,-0.000354,0.678579092,31.54070473,0.01514805,-0.035062619,25.26996917,37.32148733,TRUE
166.04,70.09,1,0.004273,-0.031129,0.566991,275.896372,0.016283,-0.009646,3.26502037,29.64250755,-0.02578474,0.055022545,15.16062167,98.31740538,TRUE
166.23,71.01,1,-0.022584,0.003662,0.660442,230.615487,0.010796,-0.007876,1.001105189,29.62249756,-0.042248919,-0.016619285,15.16143286,47.78020835,TRUE
166.55,71.67,1,-0.023194,-0.017701,0.670973,226.13292,0.007345,-0.008761,-0.775020182,29.36933708,-0.022031488,-0.009543482,15.16199475,47.57602495,TRUE
162.55,72.14,1,-0.014649,-0.026856,0.599823,257.903894,0.014779,-0.009823,-1.233250141,27.05027199,-0.087879041,-0.077700585,15.16238449,99.80862787,TRUE
166.88,72.9,1,-0.030519,-0.010987,0.680531,217.708673,0.004602,-0.004602,-1.214624643,29.7899189,-0.005859277,-0.006745493,25.27223091,72.58774013,TRUE
167.49,74.12,1,-0.007935,0.010987,0.715398,220.357876,-0.003894,-0.001858,-1.370365262,30.54891777,-0.000230371,-0.001454648,35.38409908,67.11949047,TRUE
167.83,75.18,1,0.06592,-0.013428,0.702124,214.166195,-0.013805,0.000177,-1.269847631,32.10935211,-0.047891168,-0.054395992,55.6088847,104.0031651,TRUE
168.1,75.85,1,-0.004883,-0.010987,0.709928,195.63777,-0.01005652,-0.00401634,0.111292407,34.12680054,0.000108269,-0.00016346,128.5824627,92.04651952,TRUE
168.5,76.6,1,-0.126957,0.070803,0.8692273,163.79193,-0.01667398,-0.00976507,0.85270375,34.42576981,0.033458091,-0.018943723,196.9653033,278.7172282,TRUE
162.04,77.9,1,-0.070193,0.012207,0.7107277,168.95621,-0.01622742,-0.01148793,0.063133396,34.11818314,0.006281687,-0.004140793,128.5932674,38.37633568,TRUE
160.25,76.52,1,0.03235,-0.057985,0.928407,176.190973,-0.034336,-0.016195,-0.926633775,32.72085953,0.010030752,-0.005805159,65.72494454,84.65066354,TRUE
159.26,75.86,1,-0.068972,0.018311,0.91646,174.61354,-0.025487,-0.020796,-1.305457354,31.04129982,-0.002072142,-0.026393551,45.49853836,107.3752359,TRUE
158.5,75.25,1,-0.061037,0.005493,0.816195,175.231593,-0.012301,-0.022124,-1.277246356,30.21602631,-0.004103345,-0.018757872,35.38598633,100.523338,TRUE
155.66,74.1,1,-0.068972,-0.037233,0.667876,180.332478,0.012301,-0.02823,-1.210447073,28.22379112,-0.004947194,-0.009363899,25.27376091,17.77506497,TRUE
157.34,72.87,1,-0.015259,-0.042116,0.609469,278.603274,0.02292,-0.020265,-1.114901781,23.73101234,-0.011427446,0.002621124,15.16297239,53.3908902,TRUE
153.21,71.9,1,-0.001831,-0.021363,0.589292,271.516814,0.026283,-0.02885,-1.196963549,24.1559124,0.011948415,-0.000253642,15.16218656,31.71614523,TRUE
153.16,73.37,1,-0.054933,0.001221,0.654425,210.950442,0.020265,-0.03177,-1.229720831,25.05952072,0.025654398,0.011736167,15.16336265,95.91070942,TRUE
151.18,73.54,1,-0.057985,0.006714,0.601239,201.433274,0.018319,-0.032478,-1.244463682,25.02647018,-0.002974268,-0.01450253,15.16349302,735.3909583,TRUE
148.5,73.72,1,-0.056764,-0.018311,0.556372,219.697434,0.015664,-0.033717,-1.136657357,22.94667244,0.0020546,-0.022209518,15.16362976,23.41981734,TRUE
114,22,1,-0.109256,-0.020753,0.773717,103.293894,-0.05177,-0.000796,25.6296711,36.34504318,-0.003402241,-0.052309964,106.1946704,9.798575779,TRUE
113.83,22.1,1,-0.108036,-0.011597,0.63646,107.721681,-0.044071,0.000796,25.69011307,36.30677795,0.023560749,0.027321849,87.52575822,6.784651994,TRUE
113.8,22.3,1,-0.053713,-0.015259,0.359558,114.131062,-0.024956,0.001947,25.67860794,36.28834534,0.03940643,0.117920168,85.79733796,15.54605153,TRUE
113.75,22.45,1,-0.020753,0.003662,0.262124,122.722655,-0.015398,0.003274,25.67295265,36.27236939,0.149028197,0.133892864,86.09666331,12.144,TRUE
113.72,22.58,1,-0.007324,0.009156,0.18115,129.745221,-0.007522,0.004071,25.61340141,36.37856674,0.161635816,0.17437017,80.98761822,56.99590176,TRUE
113.6879667,22.70131667,1,-0.013428,0.006104,0.10354,136.32823,-0.002832,0.002655,25.6063118,36.38114166,0.129505798,0.166064456,89.13666443,127.7720136,TRUE
113.59,22.83,1,-0.01475046,0.00819518,0.10354,136.32823,-0.002832,0.002655,25.68123436,36.4446106,0.152372703,0.21980077,79.91813975,58.08859766,TRUE
113.55,22.93,1,-0.01331758,0.00803569,0.2125534,133.56165,-0.0086681,0.0035443,25.68123436,36.4446106,0.152372703,0.21980077,84.45529646,22.87083744,TRUE
113.53,22.99,1,-0.01331758,0.00803569,0.2125534,133.56165,-0.0086681,0.0035443,25.68123436,36.4446106,0.152372703,0.21980077,78.81036441,17.12449835,TRUE
71.282,-67.206,2,-0.052492,0.01709,2.49876,212.313471,-0.033471,0.089917,-2.277742624,34.90091324,0.032994084,-0.008630007,483.0000801,81.5935123,TRUE
76.18,-67.236,2,-0.01648,-0.021363,2.290744,241.479174,-0.043058,-0.000661,-1.221574664,34.6787529,0.002696348,0.005201568,303.2825539,70.36248901,TRUE
67.995,-67.2507,2,-0.036012,0.006104,2.084545,213.026777,-0.071405,0.080661,-1.332966924,34.70847702,0.00882721,-0.007620078,156.1454428,47.8498845,TRUE
70.4837,-66.8611,2,0.023804,0.004883,2.743884,236.425868,-0.037686,0.078512,-1.359404683,34.74979782,0.031559814,-0.086037785,354.631674,55.70475565,TRUE
73.0444,-66.9765,2,-0.020142,-0.001831,2.579008,235.069421,-0.022066,0.040992,-1.141568184,34.69413757,-0.027331142,0.002254787,482.992704,38.07041686,TRUE
73.838,-68.391,2,-0.053102,0.009766,1.906612,153.261405,-0.035702,0.020826,-2.130254745,34.86700058,0.011746628,-0.026554896,642.3647543,146.8969175,TRUE
75.676,-65.992,2,-0.070193,0.051271,2.855372,239.018099,0.010579,0.004545,-0.908291161,34.686203,-0.003596328,-0.027968224,3042.037107,28.01077806,TRUE
77.821,-65.479,2,-0.003662,-0.006714,3.006942,250.931322,0.027273,0.001074,-0.877451658,34.68505096,-0.0086828,-0.023990422,3333.016646,34.71589571,TRUE
77.184,-67.438,2,0.002441,-0.023804,2.078264,211.226529,-0.062066,-0.004545,-1.316000938,34.67705536,-0.011265776,0.003321267,303.2865932,31.32885055,TRUE
-11.8432,-20.1956,4,-0.076907,0.010987,2.413097,139.421416,-0.092566,0.032478,2.685459375,34.91200256,0.003647374,0.002546057,2521.811593,36.0590956,TRUE
-14.3797,-14.0478,4,-0.166631,-0.01587,2.342743,141.824867,-0.096991,0.040442,2.961229086,34.918293,0.000507031,-0.002394096,2302.280847,200.6015705,TRUE
-14.3788,-14.0593,4,-0.166631,-0.01587,2.342743,141.824867,-0.096991,0.040442,2.961229086,34.918293,0.000507031,-0.002394096,2302.282009,11.46259,TRUE
-14.3657,-14.035,4,-0.155644,-0.031129,2.342743,141.824867,-0.096991,0.040442,3.278773308,34.93336868,-0.009071856,-0.019824766,2106.969628,101.0470371,TRUE
-14.3631,-14.0368,4,-0.155644,-0.031129,2.342743,141.824867,-0.096991,0.040442,3.627209425,34.95051956,-0.001565448,-0.021041496,1934.469719,124.333331,TRUE
-14.3629,-14.0368,4,-0.155644,-0.031129,2.342743,141.824867,-0.096991,0.040442,3.627209425,34.95051956,-0.001565448,-0.021041496,1934.469719,187.6560086,TRUE
-14.3783,-14.0589,4,-0.166631,-0.01587,2.342743,141.824867,-0.096991,0.040442,2.961229086,34.918293,-0.008286409,-0.01726714,2302.281969,93.58634106,TRUE
-14.4032,-13.2962,4,-0.107425,-0.043947,2.331239,142.213009,-0.096903,0.042124,2.961854458,34.91946793,-0.000169801,0.000565078,2302.206808,29.72217394,TRUE
-13.8402,-26.0166,4,0.040895,0.018311,2.36,157.877876,-0.062478,0.026814,2.512055397,34.89601517,-0.00271386,0.001001389,2522.798792,72.4792611,TRUE
-13.8537,-26.0189,4,0.040895,0.018311,2.36,157.877876,-0.062478,0.026814,2.512055397,34.89601517,-0.00271386,0.001001389,2522.799219,28.30247856,TRUE
-13.4717,-27.1622,4,-0.057985,0.007935,2.359558,171.444602,-0.044779,0.024602,2.384873867,34.88674927,0.003459623,0.00026138,2765.550559,109.6833521,TRUE
-13.3144,-24.5458,4,-0.106815,-0.007935,2.391239,149.285398,-0.074779,0.030442,2.422497272,34.89809418,0.002872262,0.014175073,2765.020263,62.13681606,TRUE
-13.3036,-24.1391,4,-0.100101,-0.04944,2.407345,147.334071,-0.078053,0.030177,2.377889156,34.89607239,-0.002055121,0.00611576,3031.161253,36.2520862,TRUE
-14.1764,-17.2692,4,-0.159917,0.007935,2.360885,140.783009,-0.092478,0.036726,2.549282312,34.90309906,-0.003022817,-0.000448249,2763.77116,63.13605591,TRUE
-32.7842,-5.3904,4,-0.249641,0.021363,2.256637,140.66469,-0.070885,0.078761,2.329255581,34.90062714,0.015594542,-0.043218028,3318.384382,48.42767296,TRUE
-13.6639,-14.2592,4,-0.155644,-0.036012,2.350708,141.871947,-0.095841,0.040708,2.932506561,34.91663742,0.007916032,-0.002581013,2302.302348,16.66406798,TRUE
-13.3484,-15.1492,4,-0.120243,0.036622,2.340796,141.908496,-0.095752,0.039027,3.459628582,34.93149185,-0.016801061,-0.001586852,1934.567314,61.44183506,TRUE
-14.3007,-14.0914,4,-0.159917,-0.025636,2.342743,141.824867,-0.096991,0.040442,2.961229086,34.918293,0.000196589,-0.003229681,2302.285258,97.56278211,TRUE
-13.3569,-25.2682,4,-0.095828,0.095828,2.37115,152.440265,-0.071062,0.028319,2.449009418,34.89362335,0.001407788,-0.027677966,2765.162805,20.54702428,TRUE
-13.4353,-23.2663,4,-0.122684,-0.027467,2.407345,144.760973,-0.081947,0.027168,2.652181387,34.91294861,0.015351106,0.002476182,2522.308328,81.67312999,TRUE
-11.8082,-20.326,4,-0.111698,-0.009766,2.423717,139.191681,-0.09354,0.032389,2.712302208,34.91453934,0.004866254,-0.000743559,2521.831524,31.49014849,TRUE
-11.9775,-19.5736,4,-0.069582,-0.025025,2.394867,140.358407,-0.092301,0.034336,2.54117465,34.90551758,0.007035085,0.00099687,2764.127666,143.1004394,TRUE
-11.9962,-19.4228,4,-0.137944,-0.04944,2.396991,140.39,-0.092212,0.035664,2.663737059,34.91069031,0.009178751,0.006540353,2521.69568,67.69770408,TRUE
-11.9682,-19.3992,4,-0.137944,-0.04944,2.396991,140.39,-0.092212,0.035664,2.663737059,34.91069031,0.009178751,0.006540353,2521.6922,506.7801575,TRUE
-11.9256,-19.4102,4,-0.125736,-0.028687,2.396991,140.39,-0.092212,0.035664,2.663737059,34.91069031,0.009178751,0.006540353,2521.693822,104.005598,TRUE
-11.9804,-19.4977,4,-0.09949,-0.037233,2.396991,140.39,-0.092212,0.035664,2.663737059,34.91069031,0.003995472,0.002057297,2521.706748,19.39595502,TRUE
-11.9328,-19.3417,4,-0.16541,-0.038453,2.396991,140.39,-0.092212,0.035664,2.663737059,34.91069031,0.009178751,0.006540353,2521.683737,60.17112045,TRUE
-13.6639,-14.2592,4,-0.155644,-0.036012,2.350708,141.871947,-0.095841,0.040708,2.932506561,34.91663742,0.007916032,-0.002581013,2302.302348,165.1736844,TRUE
-13.4004,-13.2566,4,-0.146489,-0.011597,2.293894,143.996195,-0.093009,0.042212,3.024276733,34.92159653,-0.006715805,-0.021329751,2302.203011,51.82871286,TRUE
-13.8752,-12.1291,4,-0.103153,-0.068361,2.269027,145.225487,-0.091681,0.046903,2.495056152,34.90009689,0.002358851,-0.031582847,2763.121103,21.88331183,TRUE
110.400825,16.69425611,3,-0.221322,0.11787,0.848496,127.260265,-0.017965,0.030354,4.386887074,34.96799088,0.005004714,-0.001357079,1409.070116,25.64605433,TRUE
122.499783,34.998167,3,-0.165312,-0.147033,1.087876,158.402035,-0.011858,0.042743,20.56219292,36.24126816,-0.013025405,-0.124568291,120.6926146,44.88824,TRUE
110.4732194,16.72820056,3,0.115725,-0.013089,0.855929,126.972478,-0.018761,0.030442,4.226211071,34.96747971,0.004297954,-0.006376987,1448.378514,5.6,TRUE
110.4726536,16.72831417,3,0.115725,-0.013089,0.855929,126.972478,-0.018761,0.030442,4.226211071,34.96747971,0.004297954,-0.006376987,1444.346604,20.66520833,TRUE
110.4056617,16.69808361,3,0.144642,0.132077,0.848496,127.260265,-0.017965,0.030354,4.222982883,34.96746445,0.006582087,-0.013191361,1411.079552,30.2,TRUE
110.2464175,16.44060417,3,-0.09492,-0.095811,0.846814,126.19292,-0.01885,0.030973,4.623334885,34.97678757,0.006871559,-0.006847641,1254.685617,12.7,TRUE
110.4726536,16.72831417,3,-0.063154,0.076693,0.855929,126.972478,-0.018761,0.030442,4.226211071,34.96747971,0.004297954,-0.006376987,1444.352775,16.86520833,TRUE
110.4732194,16.72820056,3,0.115725,-0.013089,0.855929,126.972478,-0.018761,0.030442,4.226211071,34.96747971,0.004297954,-0.006376987,1448.378514,5.5,TRUE
110.4725156,16.72836944,3,0.073325,0.007433,0.855929,126.972478,-0.018761,0.030442,4.222982883,34.96746445,0.006582087,-0.013191361,1442.333462,76.48746057,TRUE
110.4725156,16.72836944,3,0.073325,0.007433,0.855929,126.972478,-0.018761,0.030442,4.222982883,34.96746445,0.006582087,-0.013191361,1442.333462,14.10861183,TRUE
110.2464175,16.44060417,3,-0.09492,-0.095811,0.846814,126.19292,-0.01885,0.030973,4.623334885,34.97678757,0.006871559,-0.006847641,1254.685617,76.13179856,TRUE
110.4731622,16.72920083,3,0.115725,-0.013089,0.855929,126.972478,-0.018761,0.030442,4.226211071,34.96747971,0.004297954,-0.006376987,1445.354581,14.97601246,TRUE
110.4745556,16.90097583,3,0.025274,0.067243,0.869381,128.42885,-0.020354,0.031327,4.240043163,34.96700287,0.005870115,0.005796414,1492.80736,66.42873684,TRUE
110.4725156,16.72836944,3,0.073325,0.007433,0.855929,126.972478,-0.018761,0.030442,4.222982883,34.96746445,0.006582087,-0.013191361,1442.333462,26.43472367,TRUE
110.4000783,16.69406167,3,0.144642,0.132077,0.848496,127.260265,-0.017965,0.030354,4.375497341,34.96793366,0.006429682,-0.010575101,1407.047642,4.3,TRUE
110.4740908,16.72911667,3,0.115725,-0.013089,0.855929,126.972478,-0.018761,0.030442,4.226211071,34.96747971,0.004297954,-0.006376987,1454.426379,4.6,TRUE
110.4000783,16.69406167,3,0.144642,0.132077,0.848496,127.260265,-0.017965,0.030354,4.375497341,34.96793366,0.006429682,-0.010575101,1407.047642,32.02162162,TRUE
110.4010044,16.69436111,3,-0.221322,0.11787,0.848496,127.260265,-0.017965,0.030354,4.386887074,34.96799088,0.005004714,-0.001357079,1408.062139,5.5,TRUE
110.4217533,16.708845,3,-0.116026,0.000166,0.855929,126.972478,-0.018761,0.030442,4.229016304,34.96749115,0.002960994,-0.002414418,1423.18309,103.9710495,TRUE
110.4732194,16.72820056,3,0.115725,-0.013089,0.855929,126.972478,-0.018761,0.030442,4.226211071,34.96747971,0.004297954,-0.006376987,1448.378514,125.4225857,TRUE
110.4010044,16.69436111,3,-0.221322,0.11787,0.848496,127.260265,-0.017965,0.030354,4.386887074,34.96799088,0.005004714,-0.001357079,1408.062139,131.5146552,TRUE
110.5878147,17.13051389,3,0.081907,0.075746,0.898407,129.083186,-0.020354,0.032566,4.173415661,34.9668045,0.007424599,-0.000284918,1584.527496,13.03177083,TRUE
119.2847528,22.11495833,3,0.346179,0.417188,1.11823,163.427965,-0.028584,0.038673,5.742839336,35.12108994,-0.006833187,-0.022099728,1238.614357,43.27170455,TRUE
-101.9322,-12.7004,5,-0.038453,-0.005493,2.215664,151.483982,-0.088761,0.034779,1.432201862,34.67874146,-0.000796902,0.000450101,4332.480247,88.64362765,TRUE
-127.3454,-18.4644,5,-0.062258,-0.090335,2.361239,143.89177,-0.077788,0.029646,1.308460116,34.68278122,0.009451834,0.004647906,3971.715848,25.81733653,TRUE
-129.5237,-18.4895,5,-0.076907,0.035401,2.360619,139.53531,-0.080177,0.023274,1.267317653,34.68516922,0.000768452,-0.000267356,3971.721475,19.59025286,TRUE
-132.341,-18.4482,5,-0.058596,-0.025025,2.376372,131.911593,-0.086903,0.015221,1.25105226,34.68607712,0.001141624,0.008267882,4333.689498,87.06879526,TRUE
-133.7359,-13.9908,5,-0.09949,-0.024415,2.367434,119.096018,-0.101416,0.020885,1.234150648,34.68696594,-0.004680744,-0.002081956,4332.71632,136.5190507,TRUE
-134.2869,-11.9486,5,-0.174566,-0.068972,2.336283,117.454425,-0.100885,0.024513,1.229203463,34.68730545,0.001726392,0.003936847,3970.488949,258.4060464,TRUE
-124.554,-9.0022,5,-0.176397,-0.044557,2.281681,135.356991,-0.091327,0.043451,1.207805872,34.68796539,-0.002340109,0.015974956,3970.096567,39.72282752,TRUE
-120.0047,-5.0063,5,-0.287484,-0.101321,2.07354,148.935044,-0.077965,0.052301,1.14005816,34.69133377,0.003712248,0.001515653,4331.530193,95.18884548,TRUE
-123.7195,-5.0001,5,-0.260018,-0.018311,2.156726,141.114248,-0.087611,0.05,1.131596684,34.69141388,0.066968992,-0.02832274,4331.529754,29.05733722,TRUE
-129.1508,-5.0345,5,-0.307016,-0.060427,2.205752,132.206903,-0.092832,0.049735,1.118910193,34.6923027,-0.002260315,0.00232538,4717.55287,77.93740653,TRUE
-135.042,-5.0088,5,-0.232551,0.002441,2.221504,120.613982,-0.097699,0.037699,1.119203806,34.69185638,-0.00026387,0.000213797,4331.53037,75.04293795,TRUE
142.229,11.247,6,-0.240486,0.03235,1.630331,53.164711,-0.053058,-0.015868,1.111726403,34.68948746,0.004315672,-0.025257427,6023.289632,15.4613672,TRUE
142.59138,11.36917,6,-0.229499,0.036012,1.634711,53.830165,-0.053802,-0.015124,1.11075139,34.68958282,-0.000720756,-0.01567011,6023.316439,8.823529412,TRUE
142.117,11.801,6,-0.173956,0.025025,1.663967,53.290909,-0.055372,-0.017686,1.479876518,34.66047668,-0.000509028,-0.026463285,2763.086778,433.4280248,TRUE
142.189,11.325,6,-0.235603,0.026856,1.639835,53.251488,-0.05405,-0.016281,1.111029148,34.68955994,0.000544328,-0.02287866,6023.306715,41.5443306,TRUE
141.879,11.582,6,-0.202033,0.018311,1.661736,52.828182,-0.055041,-0.017355,1.110977054,34.68952942,0.000331602,-0.002875693,5563.776873,121.9674667,TRUE
142.304,11.039,6,-0.249641,0.037233,1.621405,53.34405,-0.051818,-0.014959,1.111486197,34.68951797,0.010343846,-0.026225148,6023.244624,73.07002054,TRUE
141.016075,10.016494,6,-0.223395,0.020142,1.574711,50.439174,-0.047355,-0.014298,1.261952519,34.67651367,0.003331164,-0.005478527,3632.492231,14.19438613,TRUE
142.194,11.327,6,-0.235603,0.026856,1.639835,53.251488,-0.05405,-0.016281,1.111029148,34.68955994,0.000544328,-0.02287866,6023.307155,147.4701246,TRUE
141.799,10.924,6,-0.256355,0.012818,1.625289,52.235455,-0.051653,-0.016446,1.11572814,34.68904114,-0.002031733,-0.010724734,5128.710045,54.72827134,TRUE
142.228,11.602,6,-0.207526,0.019532,1.651488,53.307934,-0.05438,-0.016777,1.111024618,34.68953705,0.00131358,-0.001698161,5563.781014,74.43365891,TRUE
141.994,10.994,6,-0.253914,0.022584,1.62438,52.555868,-0.051901,-0.016116,1.11572814,34.68904114,-0.002031733,-0.010724734,5128.722689,100.372158,TRUE
141.976,11.764,6,-0.18067,0.022584,1.670331,52.991983,-0.055455,-0.017769,1.345338941,34.66903687,-0.000128808,-0.006801194,3318.966926,23.23713351,TRUE
142.5831,11.3694,6,-0.229499,0.036012,1.634711,53.830165,-0.053802,-0.015124,1.11075139,34.68958282,-0.000720756,-0.01567011,6023.31649,165.8978631,TRUE
49.259193,-37.945818,4,-0.021057,0.071936,2.46823,219.551239,0.020973,0.006018,3.798121214,34.49526596,-0.072752126,-0.022702245,1424.9011,18.01182353,TRUE
49.272435,-37.92514333,4,-0.021057,0.071936,2.46823,219.551239,0.020973,0.006018,2.641367912,34.65293121,-0.031930342,-0.059115596,1937.763113,9.65455,TRUE
51.49998167,-37.43034,4,0.168349,0.071494,2.35531,209.837522,0.008053,0.013186,2.046878099,34.73317719,0.000793347,0.00036589,2525.1888,51.75408,TRUE
51.71004876,-37.41927923,4,0.29977,0.238108,2.343805,208.010442,0.007611,0.015398,2.108026505,34.73176193,-0.000939139,0.044681001,2525.186281,6.29375,TRUE
51.69594658,-37.43611469,4,0.227085,0.207967,2.348938,209.042035,0.007699,0.013982,2.547363281,34.66883087,-0.013066282,0.028814496,2110.466549,13.08214286,TRUE
134.6808417,16.81017833,5,0.124516,-0.151982,2.465575,220.752124,0.087965,0.059204,1.2485182,34.678242,-0.007445141,-0.000464844,5130.033494,16.46562667,TRUE
135.1745283,16.550005,5,0.030519,-0.184332,2.490619,226.454602,0.09,0.066637,1.2646928,34.676605,-0.043765463,-0.005617265,3633.484944,45.93146384,TRUE
134.2909433,13.26654333,5,-0.166021,0.014649,2.334867,250.793363,0.108142,0.054602,1.3860011,34.666504,-0.004267298,-0.003420397,3029.301422,40.31632038,TRUE
129.0036133,20.030195,5,0.34608,0.109867,1.831327,126.235398,0.033186,-0.016018,1.2428818,34.678745,0.010709085,0.004641126,5566.098546,10.93914813,TRUE
10.2295,57.1827,4,0.03535866,-0.00293572,0.49597701,224.6425812,0.00450568,-0.00022427,3.257941723,32.65116501,0.004402888,-0.006702441,2217.513682,17.5330538,TRUE
-168.8,72.84,1,0.043947,0.0824,0.61940617,190.6301825,-0.00243907,0.00865509,6.785074234,34.73551178,0.135517865,0.090935707,72.90985016,0.396578991,TRUE
-168.8,72.84,1,-0.001831,0.040895,0.594248,138.110885,-0.014867,-0.035044,6.175598621,34.78954315,0.053083807,-0.01877778,72.93736811,0.279407925,TRUE
-168.8,72.84,1,0.019532,0.076907,0.375221,195.679735,0.001239,0.006372,6.075216293,34.90576553,0.014086028,0.006471228,72.93263558,0.730065869,TRUE
118.1403553,38.65466163,1,0.020142,0.040895,0.572743,135.769912,-0.024513,0.014248,21.82883453,36.29412842,0.366693795,-0.067810573,70.93528959,4.050513009,TRUE
119.7889248,38.8495365,1,0.012207,-0.010376,0.695575,183.175044,0.013451,0.035575,21.1175499,36.33510208,0.122580715,0.375150502,81.07029465,0.577147162,TRUE
106.8414374,-6.0331173,1,0.034181,-0.00061,0.072035,247.064779,0.004956,0,20.87197113,35.12633514,-0.016829327,-0.072666012,24.15488867,133.5979844,TRUE
106.8414374,-6.0331173,1,-0.010987,-0.015259,0.106991,223.657522,0.000973,-0.003717,27.69105053,35.42568207,0.00622865,-0.138064325,24.14831236,120.3650195,TRUE
3.3498,79.0361,5,-0.034791,-0.034181,0.870775,158.513178,-0.014031,0.011008,-0.296536267,34.81709671,0.006878272,-0.014582913,4876.851734,21.68643369,TRUE
120.15514,22.3752,2,0.159307,-0.322886,0.782389,171.200088,0.000885,-0.009912,10.4985075,35.28597641,0.00647407,0.031535599,710.8854881,0.47114054,TRUE
120.15514,22.3752,2,0.145268,-0.171514,1.911239,218.31469,0.03885,0.02823,10.36758423,35.20729828,-0.050361302,0.017227914,710.9069111,0.353355405,TRUE
31.44418109,44.98224666,3,0.018921,-0.008545,1.21281,192.069835,0.007851,0.005207,2.067734957,34.5358696,0.011869181,0.010047411,1719.320604,23.9398287,TRUE
159.1205,23.3598,5,-0.136723,0.084841,1.805221,92.999292,-0.076903,0.006372,2.227519989,34.91562271,-0.001102335,0.005500908,5339.409562,2.16315813,TRUE
139.54483,35.29118,1,-0.07870122,0.01230518,0.664425,160.244336,0.005221,0.016637,18.57443047,35.98498917,-0.082403451,-0.02167747,58.51832299,179.0708609,TRUE
139.54483,35.29118,1,-0.06423541,-0.009491235,0.515487,166.04708,0.002478,-0.004071,18.4070816,35.91891098,-0.082456492,0.024624171,60.03269117,263.5180366,TRUE
120.86949,33.24288745,1,-0.007935,-0.007935,0.40681526,155.3191821,-0.00087781,-0.01016907,20.07663345,36.33689499,-0.066320062,-0.042994615,74.12604167,2.188447809,TRUE
-130.547,89.078,3,0.054323,-0.012207,0.71639501,212.7129285,0.00756129,0.00501547,-0.152410239,34.90517044,-0.0215715,0.014036749,1326.073711,12.35612745,TRUE
113.5824965,22.22160591,1,0.056764,0.020753,0.40595,176.867686,-0.00124,0.026612,27.74385643,36.29564667,0.006436307,0.031656053,77.36418114,2.461047691,TRUE
113.3742,22.2328,1,0.02585512,0.00549346,0.51560192,178.2796702,0.00321921,0.00727903,27.64850998,36.59609604,0.056506231,-0.055501122,82.29956598,7.182387671,TRUE
33.06930577,28.58888775,1,-0.029298,0.040284,0.48354,334.582671,0.02472,-0.050373,22.36318016,34.64437866,-0.08308351,-0.026114106,114.0084244,3.813499159,TRUE
32.46315299,31.29302146,1,0.042116,-0.041505,0.337019,244.607205,-0.001863,-0.023851,24.80534172,34.33742905,0.057037152,-0.041928764,79.57904919,5.522997561,TRUE
73.77685397,15.44356372,1,0.036622,-0.064089,0.62405,254.756942,0.023388,-0.010992,27.91935158,33.34379959,0.02515791,0.33248812,27.30191826,43.04752223,TRUE
73.77685397,15.44356372,1,0.017701,-0.025636,1.760579,255.351405,0.064959,0.008182,29.33993149,33.07259369,0.045458883,0.182307109,27.33033537,64.61103583,TRUE
74.2537,11.59755,2,-0.173345,0.179449,0.956568,242.622604,0.007574,-0.018402,12.91043949,34.72558975,-0.124146238,-0.078661218,195.7464796,2.013184188,TRUE
93.7543,7.5993,2,-0.340587,0.055544,0.804852,105.10568,-0.044201,-0.023787,13.53238869,34.86085129,-0.012058222,-0.067222431,218.1221033,0.241544361,TRUE
14.1737244,67.8656478,1,-0.01587,0.125126,0.825207,246.119835,-0.027603,0.026116,2.359799147,31.18363953,0.092918716,-0.112293638,100.6210453,9.208500773,TRUE
18.7066398,42.4349809,1,0.0489577,0.03498045,0.781157,183.470909,-0.005868,0.033388,14.36520577,33.01249313,-0.120003082,0.011081242,101.6989388,7.173114724,TRUE
153.4799,45.5087,6,-0.441908,0.036012,1.546894,155.154161,0.000621,0.011988,3.732966423,34.98374558,-0.031390522,-0.009839838,7739.543227,0.945051009,TRUE
120.13335,36.07757,1,-0.002441,-0.004883,0.41716548,155.6602786,-0.00078043,-0.00404289,27.42310143,36.05505371,-0.158502489,-0.024625244,69.14470387,0.165798423,TRUE
117.425968,38.591393,1,0.00211798,0.00990027,0.51435932,152.1408299,-0.00099795,-0.0020587,22.4739151,35.97106552,0.082072638,0.018101903,58.76784104,2.270249614,TRUE
100.8452878,11.71041809,1,-0.068361,-0.025025,0.511775,98.968994,-0.017396,-0.026746,26.55128098,35.75917053,-0.205004767,0.011120951,68.58796164,1.328616323,TRUE
120.9967228,30.3730586,1,-0.005493,-0.014649,0.215785,70.800992,-0.00719,-0.011157,26.56023598,36.25019074,0.044795796,-0.002761881,72.13938419,0.744696516,TRUE
119.4156183,37.40224971,1,0.006104,-0.006104,0.288678,76.650826,-0.017521,-0.005868,26.69631386,36.08080292,-0.00576387,-0.033354837,67.04832926,4.077721375,TRUE
122.513113,37.093671,1,-0.004883,-0.112918,0.841157,84.941818,-0.018182,-0.04,22.85419846,36.19200134,-0.381459832,-0.263338894,66.58668418,15.67299066,TRUE
122.513113,37.093671,1,0.001831,-0.129398,0.578017,147.132893,0.005124,-0.007107,18.86943817,36.2787056,-0.167443022,-0.147817612,66.56588207,14.76628069,TRUE
122.513113,37.093671,1,0.012818,0.039674,0.491322,173.21,0.005124,0.032397,21.42503166,36.14125824,0.010916139,0.022931382,66.56506052,12.56434648,TRUE
122.513113,37.093671,1,-0.004883,-0.081179,0.356777,141.289669,0.000496,0.003636,25.41751289,36.05405045,-0.094072051,-0.175511554,66.55796134,16.06159326,TRUE
-3.1,79.9,4,-0.020753,-0.084231,0.54690266,208.3223961,0.00287982,-0.00317507,-0.401243657,34.82812882,-0.000067113,-0.000119247,2416.091532,11.25962343,TRUE
-9.179087905,53.19506391,1,0.005493,-0.00061,0.598182,262.432397,0.027769,0.006612,6.094449043,33.1015892,0.006691021,0.041480821,19.15042889,0.363098546,TRUE
52.38348553,36.74556939,1,0.01979438,-0.01151755,0.287355,293.45281,0.00157,-0.009421,14.35724735,33.30470657,0.07838355,-0.031791519,69.14840576,0.07460929,TRUE
51.54587962,36.77170736,2,0.01632129,-0.0008606,0.505289,262.922397,0.009917,-0.020083,7.870435238,34.06339264,-0.034764536,0.032459572,405.0889643,0.535197308,TRUE
52.42872686,36.72774725,1,0.04350715,-0.00364393,0.455702,289.895207,0.02157,-0.015124,13.74176121,33.1244812,-0.021290272,0.083599985,112.9668536,1.85940881,TRUE
121.0784646,30.34160254,1,-0.013428,-0.021363,0.164298,73.392066,-0.009835,-0.000661,26.3779316,36.19641113,0.097111233,-0.145400301,67.63356258,1.903077547,TRUE
60.36038,25.21233,1,-0.146489,0.030519,0.725289,168.765372,0.001818,0.019917,18.21491242,33.69829559,-0.074209735,0.045870692,92.05555218,5.051241416,TRUE
60.2917,25.2517,1,-0.146489,0.030519,0.710992,166.031157,-0.000165,0.019504,22.22036362,34.00119782,-0.052452326,-0.075960949,39.3914451,2.314477904,TRUE
50.77925096,36.96955965,1,-0.00375374,0.00346076,0.55719,47.745702,-0.013058,-0.016198,13.42072201,33.18739319,-0.003950121,0.034148734,130.7941992,2.885637389,TRUE
106.19,-5.97,1,-0.002826,-0.00466919,0.039835,167.327438,-0.000083,-0.000165,26.62420273,35.5618782,0.128379688,-0.187101543,10.82368632,3.144863106,TRUE
120.1629,36.07393,1,0.002441,-0.014039,0.41104165,155.4312191,0.00072552,-0.00314657,23.35345268,36.19496536,0.059839353,-0.217687398,58.94636267,0.099479054,TRUE
123,28.83,1,0.091556,0.09949,1.438264,60.859421,-0.040744,-0.053967,21.21006203,36.53562164,-0.075593151,-0.045992732,149.763749,0.706301281,TRUE
123.95,35,1,-0.063478,-0.011597,0.903636,205.296281,0.017355,-0.042231,18.87975311,36.2666359,0.020434346,-0.010623385,146.1972713,0.770962666,TRUE
121.4850271,37.48884467,1,0.004883,0.021363,0.49384353,154.6448404,-0.00056482,-0.00022342,21.59028816,36.27232361,-0.117062353,-0.475723714,66.20247102,4.414822432,TRUE
-3.738298942,36.59969889,1,0.310068,-0.047609,0.469008,209.423719,0.019008,0.009752,16.53341866,34.24482727,-0.06968727,0.334587634,131.742281,1.333327729,TRUE
11.87437743,41.99247638,1,0.017701,-0.029908,0.273471,218.879008,0.007603,0.006198,10.41872692,33.34506607,0.001663378,0.019800143,110.9120942,3.212942914,TRUE
-168.9819884,66.9161251,1,0.16541,0.34608,1.007521,180.658512,0.00438,0.031983,7.458730221,34.62284088,0.022569703,-0.100832038,93.91887523,0.151729242,TRUE
4.5613,53.1108,1,0.004273,0.041505,0.696746,174.210414,0.001183,-0.011124,11.67235565,32.98540497,0.014589218,-0.054412693,50.48366314,2.076339838,TRUE
122.7558162,38.38593466,1,-0.004273,0.012818,0.753554,155.925785,0.005041,-0.019421,24.72118568,36.18862915,-0.109771036,-0.099954188,118.0119006,0.327737138,TRUE
119.6467401,38.58313972,1,0.056764,0.007324,0.485155,113.063665,-0.020248,0.012671,24.4740181,36.15566635,-0.200620711,0.097193651,84.38324854,1.517661465,TRUE
122.9150391,38.2899366,1,0.036012,0.007324,0.77764,149.184037,-0.014534,0.007702,19.34647179,36.20241547,0.276930183,0.093307152,114.3331653,1.091868202,TRUE
123.6181641,34.68742795,1,0.113529,0.06531,1.167702,166.463106,-0.011056,0.031863,21.10979843,36.32556534,-0.005141635,0.169123918,141.400572,0.636039729,TRUE
120.9970648,33.00871302,1,-0.012207,0.102542,0.740496,93.656116,-0.024298,-0.020992,27.51324654,36.11790085,-0.131262362,-0.188259944,63.41689479,30.38856484,TRUE
118.04713,24.42427,1,0.003662,-0.001831,0.276777,133.906694,-0.00686,0.001405,24.62548256,36.58323288,-0.162595287,-0.068035349,96.67575547,27.08193121,TRUE
-2.48565674,47.43551915,1,-0.019532,0.018921,0.55371807,210.0927578,0.00161027,-0.00273676,11.78941059,33.10183334,-0.021135492,0.039713178,72.79727127,6.290392157,TRUE
-2.04071045,47.025206,1,0.0065919,0.00037849,0.458512,236.580992,-0.000248,-0.00686,11.92454338,33.12404251,-0.03342174,0.035105962,76.55772341,6.964362745,TRUE
-1.21398926,46.26154381,1,-0.006104,0.003052,0.556281,248.450992,-0.002975,-0.009835,12.34094143,33.15395355,-0.052962817,0.07871256,67.66301181,5.391764706,TRUE
119.9157447,38.75014311,1,-0.009766,0.026856,0.548182,140.322562,-0.014876,-0.01876,27.16845322,36.07829666,0.0932201,0.424564749,81.55582502,1.201643948,TRUE
115.9704503,-8.8179514,1,0.02167424,0.00780673,0.949587,206.802975,0.010579,0.007851,21.07780075,35.11064911,0.18823123,-0.042743146,54.50140995,0.759543792,TRUE
121.4911251,29.51310747,2,-0.01481979,-0.00487081,0.34316974,151.1442786,-0.00141227,-0.00361745,20.27012825,36.40302658,-0.007889534,-0.022269476,232.4294253,195.3391422,TRUE
10.25556825,37.02094535,1,0.006714,0.007935,0.44686,156.297355,-0.000331,-0.008347,15.88175201,33.70559692,-0.116725124,0.046632286,100.3108985,63.04753386,TRUE
114.1950282,22.29738044,1,0.295419,0.014649,0.708509,156.815342,-0.007081,0.03087,27.75751686,36.65642548,0.096187629,-0.13167496,83.42181368,2.135182961,TRUE
114.1950282,22.29738044,1,-0.170293,0.002441,0.685041,102.364959,-0.050413,-0.000496,28.68080521,36.47676849,-0.204424292,0.06499479,83.41511586,3.875466053,TRUE
114.1950282,22.29738044,1,-0.110477,0.013428,0.700496,98.762231,-0.042562,-0.010992,25.50200272,36.59777069,0.136186421,0.088069975,83.41399956,1.432770072,TRUE
56.27421553,27.14794994,1,0.08301,0.012818,0.689256045,202.9529509,0.00522903,0.00599576,18.5663662,33.96966553,-0.032982104,-0.027484939,44.57347396,0.25933229,TRUE
164.02798,74.46617,1,0.009156,-0.006714,0.83283559,148.0426866,-0.01511741,0.00079566,-0.300273895,33.56386185,0.019201601,-0.031817976,92.96642968,4197.410599,TRUE
106.7264787,-6.072630592,1,0.025636,-0.002441,0.204379,262.163491,0.007278,-0.008107,23.36958885,35.44514084,-0.006630939,-0.113336794,11.49918227,126.863124,TRUE
-3.05,58.9,1,0.01245147,0.00991249,0.964142,264.557337,0.017456,0.013669,1.888085842,33.35330582,-0.037292562,-0.065754518,43.27846745,12.81018648,TRUE
